{
  "per_scene": [
    {
      "scenario": "batch0_scene0",
      "num_pixels": 11449,
      "rmse_db": 7.817990303039551,
      "mae_db": 5.372462749481201,
      "median_error_db": 2.2649307250976562,
      "std_error_db": 7.4215312004089355,
      "bias_db": 2.4580183029174805,
      "percentile_90_db": 13.218589782714844,
      "percentile_75_db": 8.613006591796875,
      "percentile_50_db": 2.2649307250976562,
      "pred_mean_db": 71.7439956665039,
      "gt_mean_db": 69.28597259521484,
      "within_3_db": 0.5452877980609661,
      "within_5_db": 0.632020263778496,
      "within_10_db": 0.7970128395493056,
      "pearson_correlation": 0.8622484490745668
    },
    {
      "scenario": "batch1_scene0",
      "num_pixels": 11449,
      "rmse_db": 8.440009117126465,
      "mae_db": 4.807352066040039,
      "median_error_db": 1.2507171630859375,
      "std_error_db": 8.436050415039062,
      "bias_db": -0.2584725320339203,
      "percentile_90_db": 13.289555549621582,
      "percentile_75_db": 6.813591003417969,
      "percentile_50_db": 1.2507171630859375,
      "pred_mean_db": 66.91365814208984,
      "gt_mean_db": 67.17213439941406,
      "within_3_db": 0.6561271726788366,
      "within_5_db": 0.7135120971263866,
      "within_10_db": 0.8128220805310508,
      "pearson_correlation": 0.8210356010154227
    },
    {
      "scenario": "batch2_scene0",
      "num_pixels": 11449,
      "rmse_db": 10.861251831054688,
      "mae_db": 6.85274076461792,
      "median_error_db": 1.95416259765625,
      "std_error_db": 10.832923889160156,
      "bias_db": 0.7839346528053284,
      "percentile_90_db": 18.75063705444336,
      "percentile_75_db": 12.726119995117188,
      "percentile_50_db": 1.95416259765625,
      "pred_mean_db": 69.59089660644531,
      "gt_mean_db": 68.80696105957031,
      "within_3_db": 0.538212944361953,
      "within_5_db": 0.5893964538387632,
      "within_10_db": 0.6994497336011879,
      "pearson_correlation": 0.7652126841013408
    },
    {
      "scenario": "batch3_scene0",
      "num_pixels": 11449,
      "rmse_db": 10.631229400634766,
      "mae_db": 7.325527191162109,
      "median_error_db": 2.9062118530273438,
      "std_error_db": 8.775178909301758,
      "bias_db": 6.001606464385986,
      "percentile_90_db": 17.763051986694336,
      "percentile_75_db": 13.042533874511719,
      "percentile_50_db": 2.9062118530273438,
      "pred_mean_db": 70.1885986328125,
      "gt_mean_db": 64.1869888305664,
      "within_3_db": 0.5053716481788803,
      "within_5_db": 0.5706175211808892,
      "within_10_db": 0.6514106035461612,
      "pearson_correlation": 0.719625369469951
    }
  ],
  "aggregate": {
    "num_scenarios": 4,
    "rmse_db_mean": 9.437620162963867,
    "rmse_db_std": 1.329460305968141,
    "rmse_db_min": 7.817990303039551,
    "rmse_db_max": 10.861251831054688,
    "mae_db_mean": 6.089520692825317,
    "mae_db_std": 1.0329987201762671,
    "mae_db_min": 4.807352066040039,
    "mae_db_max": 7.325527191162109,
    "median_error_db_mean": 2.094005584716797,
    "median_error_db_std": 0.5957318711013879,
    "median_error_db_min": 1.2507171630859375,
    "median_error_db_max": 2.9062118530273438,
    "bias_db_mean": 2.2462717220187187,
    "bias_db_std": 2.3748446856562153,
    "bias_db_min": -0.2584725320339203,
    "bias_db_max": 6.001606464385986,
    "within_3_db_mean": 0.561249890820159,
    "within_3_db_std": 0.05681013536539915,
    "within_3_db_min": 0.5053716481788803,
    "within_3_db_max": 0.6561271726788366,
    "within_5_db_mean": 0.6263865839811337,
    "within_5_db_std": 0.05500238968092655,
    "within_5_db_min": 0.5706175211808892,
    "within_5_db_max": 0.7135120971263866,
    "within_10_db_mean": 0.7401738143069264,
    "within_10_db_std": 0.06716733527125106,
    "within_10_db_min": 0.6514106035461612,
    "within_10_db_max": 0.8128220805310508,
    "pearson_correlation_mean": 0.7920305259153204,
    "pearson_correlation_std": 0.05416076632073823,
    "pearson_correlation_min": 0.719625369469951,
    "pearson_correlation_max": 0.8622484490745668
  },
  "config": {
    "num_scenes": 4,
    "num_samples_per_scene": 1,
    "diffusion_steps": 500,
    "timesteps": 100
  }
}