{
  "per_scene": [
    {
      "scenario": "batch0_scene0",
      "num_pixels": 11449,
      "rmse_db": 10.939939498901367,
      "mae_db": 9.595662117004395,
      "median_error_db": 9.905532836914062,
      "std_error_db": 9.702919006347656,
      "bias_db": 5.053279876708984,
      "percentile_90_db": 16.01271629333496,
      "percentile_75_db": 13.440711975097656,
      "percentile_50_db": 9.905532836914062,
      "pred_mean_db": 68.46279907226562,
      "gt_mean_db": 63.40951156616211,
      "within_3_db": 0.13686784872041227,
      "within_5_db": 0.22630797449558915,
      "within_10_db": 0.5075552449995633,
      "pearson_correlation": 0.23792833623649123
    },
    {
      "scenario": "batch0_scene1",
      "num_pixels": 11449,
      "rmse_db": 12.414505958557129,
      "mae_db": 10.783169746398926,
      "median_error_db": 11.028980255126953,
      "std_error_db": 12.347369194030762,
      "bias_db": 1.2893482446670532,
      "percentile_90_db": 17.36075210571289,
      "percentile_75_db": 14.310760498046875,
      "percentile_50_db": 11.028980255126953,
      "pred_mean_db": 68.5519790649414,
      "gt_mean_db": 67.26263427734375,
      "within_3_db": 0.1304917460040178,
      "within_5_db": 0.19861996680932834,
      "within_10_db": 0.4284216962180103,
      "pearson_correlation": 0.26723868472057427
    },
    {
      "scenario": "batch1_scene0",
      "num_pixels": 11449,
      "rmse_db": 16.199172973632812,
      "mae_db": 12.865175247192383,
      "median_error_db": 11.681510925292969,
      "std_error_db": 15.691688537597656,
      "bias_db": -4.022946834564209,
      "percentile_90_db": 27.230268478393555,
      "percentile_75_db": 16.64476776123047,
      "percentile_50_db": 11.681510925292969,
      "pred_mean_db": 68.4730453491211,
      "gt_mean_db": 72.4959945678711,
      "within_3_db": 0.15905319241855184,
      "within_5_db": 0.23879814830989607,
      "within_10_db": 0.4230063761027164,
      "pearson_correlation": 0.34119422361460283
    },
    {
      "scenario": "batch1_scene1",
      "num_pixels": 11449,
      "rmse_db": 13.961823463439941,
      "mae_db": 11.519962310791016,
      "median_error_db": 10.494529724121094,
      "std_error_db": 13.88853645324707,
      "bias_db": 1.4286552667617798,
      "percentile_90_db": 19.588266372680664,
      "percentile_75_db": 14.135406494140625,
      "percentile_50_db": 10.494529724121094,
      "pred_mean_db": 68.43817901611328,
      "gt_mean_db": 67.00952911376953,
      "within_3_db": 0.10586077386671325,
      "within_5_db": 0.17722071796663463,
      "within_10_db": 0.4651934666783125,
      "pearson_correlation": 0.3458530146918044
    },
    {
      "scenario": "batch2_scene0",
      "num_pixels": 11449,
      "rmse_db": 12.764055252075195,
      "mae_db": 10.1622953414917,
      "median_error_db": 9.410758972167969,
      "std_error_db": 12.616559028625488,
      "bias_db": 1.9348238706588745,
      "percentile_90_db": 18.234886169433594,
      "percentile_75_db": 13.620792388916016,
      "percentile_50_db": 9.410758972167969,
      "pred_mean_db": 68.90245819091797,
      "gt_mean_db": 66.96763610839844,
      "within_3_db": 0.18481963490261158,
      "within_5_db": 0.2788889859376365,
      "within_10_db": 0.5334963752292776,
      "pearson_correlation": 0.4568368437800612
    },
    {
      "scenario": "batch2_scene1",
      "num_pixels": 11449,
      "rmse_db": 15.574488639831543,
      "mae_db": 12.409149169921875,
      "median_error_db": 11.158027648925781,
      "std_error_db": 15.503668785095215,
      "bias_db": -1.4835517406463623,
      "percentile_90_db": 23.892013549804688,
      "percentile_75_db": 15.381359100341797,
      "percentile_50_db": 11.158027648925781,
      "pred_mean_db": 68.66732025146484,
      "gt_mean_db": 70.15087890625,
      "within_3_db": 0.12271814132238623,
      "within_5_db": 0.20298716045069437,
      "within_10_db": 0.4353218621713687,
      "pearson_correlation": 0.41909622923816525
    },
    {
      "scenario": "batch3_scene0",
      "num_pixels": 11449,
      "rmse_db": 16.14073371887207,
      "mae_db": 13.010210037231445,
      "median_error_db": 11.655746459960938,
      "std_error_db": 15.923161506652832,
      "bias_db": -2.6412603855133057,
      "percentile_90_db": 27.727142333984375,
      "percentile_75_db": 15.815727233886719,
      "percentile_50_db": 11.655746459960938,
      "pred_mean_db": 68.5027084350586,
      "gt_mean_db": 71.14396667480469,
      "within_3_db": 0.12953096340291728,
      "within_5_db": 0.20106559524849332,
      "within_10_db": 0.4015197833871954,
      "pearson_correlation": 0.356170643456307
    },
    {
      "scenario": "batch3_scene1",
      "num_pixels": 11449,
      "rmse_db": 15.825321197509766,
      "mae_db": 11.633764266967773,
      "median_error_db": 10.232093811035156,
      "std_error_db": 15.823046684265137,
      "bias_db": -0.26827099919319153,
      "percentile_90_db": 18.1269588470459,
      "percentile_75_db": 14.231918334960938,
      "percentile_50_db": 10.232093811035156,
      "pred_mean_db": 68.4267807006836,
      "gt_mean_db": 68.69505310058594,
      "within_3_db": 0.15337584068477597,
      "within_5_db": 0.24499956328063585,
      "within_10_db": 0.48755349812210674,
      "pearson_correlation": 0.2079169829513589
    },
    {
      "scenario": "batch4_scene0",
      "num_pixels": 11449,
      "rmse_db": 16.797149658203125,
      "mae_db": 13.598799705505371,
      "median_error_db": 12.255908966064453,
      "std_error_db": 16.656648635864258,
      "bias_db": -2.1680140495300293,
      "percentile_90_db": 24.71410369873047,
      "percentile_75_db": 15.871414184570312,
      "percentile_50_db": 12.255908966064453,
      "pred_mean_db": 68.4885025024414,
      "gt_mean_db": 70.65650939941406,
      "within_3_db": 0.09642763560136257,
      "within_5_db": 0.1502314612629924,
      "within_10_db": 0.3433487640841995,
      "pearson_correlation": 0.24198509698215911
    },
    {
      "scenario": "batch4_scene1",
      "num_pixels": 11449,
      "rmse_db": 14.99690055847168,
      "mae_db": 11.77666187286377,
      "median_error_db": 10.649639129638672,
      "std_error_db": 14.956995010375977,
      "bias_db": -1.0933139324188232,
      "percentile_90_db": 20.721843719482422,
      "percentile_75_db": 14.737262725830078,
      "percentile_50_db": 10.649639129638672,
      "pred_mean_db": 68.75372314453125,
      "gt_mean_db": 69.84703826904297,
      "within_3_db": 0.13599440999213905,
      "within_5_db": 0.21739889946720237,
      "within_10_db": 0.4614376801467377,
      "pearson_correlation": 0.3529626495283984
    },
    {
      "scenario": "batch5_scene0",
      "num_pixels": 11449,
      "rmse_db": 14.852738380432129,
      "mae_db": 12.187767028808594,
      "median_error_db": 11.325408935546875,
      "std_error_db": 14.72142505645752,
      "bias_db": -1.9706528186798096,
      "percentile_90_db": 24.543764114379883,
      "percentile_75_db": 15.539833068847656,
      "percentile_50_db": 11.325408935546875,
      "pred_mean_db": 68.75341796875,
      "gt_mean_db": 70.72406768798828,
      "within_3_db": 0.1336361254258014,
      "within_5_db": 0.20770372958336972,
      "within_10_db": 0.4274609136169098,
      "pearson_correlation": 0.40265700894609535
    },
    {
      "scenario": "batch5_scene1",
      "num_pixels": 11449,
      "rmse_db": 12.461601257324219,
      "mae_db": 10.592777252197266,
      "median_error_db": 10.723304748535156,
      "std_error_db": 12.460718154907227,
      "bias_db": 0.14839962124824524,
      "percentile_90_db": 17.867794036865234,
      "percentile_75_db": 14.567710876464844,
      "percentile_50_db": 10.723304748535156,
      "pred_mean_db": 68.48165130615234,
      "gt_mean_db": 68.333251953125,
      "within_3_db": 0.1422831688357062,
      "within_5_db": 0.2303257926456459,
      "within_10_db": 0.46213643112935626,