{
  "per_scene": [
    {
      "scenario": "batch0_scene0",
      "num_pixels": 11449,
      "rmse_db": 46.49203872680664,
      "mae_db": 42.87633514404297,
      "std_error_db": 17.997156143188477,
      "median_error_db": 40.87708282470703,
      "max_error_db": 105.43653106689453,
      "min_error_db": 0.12595689296722412,
      "percentile_90_db": 66.23147583007814,
      "percentile_75_db": 56.89491271972656,
      "percentile_50_db": 40.87708282470703,
      "percentile_25_db": 30.58648109436035,
      "bias_db": 42.86737823486328,
      "pred_mean_db": -0.005666916258633137,
      "gt_mean_db": -42.873046875,
      "pred_std_db": 0.5328117609024048,
      "gt_std_db": 18.020313262939453,
      "within_3.0_db": 0.0013101580924098175,
      "within_5.0_db": 0.002096252947855708,
      "within_10.0_db": 0.022272687570966898,
      "pearson_correlation": 0.05821710655086816
    },
    {
      "scenario": "batch0_scene1",
      "num_pixels": 11449,
      "rmse_db": 48.52659606933594,
      "mae_db": 46.51080322265625,
      "std_error_db": 13.873518943786621,
      "median_error_db": 45.689109802246094,
      "max_error_db": 93.547607421875,
      "min_error_db": 9.657633781433105,
      "percentile_90_db": 64.7261734008789,
      "percentile_75_db": 55.33994674682617,
      "percentile_50_db": 45.689109802246094,
      "percentile_25_db": 38.79310989379883,
      "bias_db": 46.50114059448242,
      "pred_mean_db": -0.011302567087113857,
      "gt_mean_db": -46.512447357177734,
      "pred_std_db": 0.5391864776611328,
      "gt_std_db": 13.894932746887207,
      "within_3.0_db": 0.0,
      "within_5.0_db": 0.0,
      "within_10.0_db": 0.0003493754913092847,
      "pearson_correlation": 0.059088163931105574
    },
    {
      "scenario": "batch1_scene0",
      "num_pixels": 11449,
      "rmse_db": 57.87942123413086,
      "mae_db": 55.568389892578125,
      "std_error_db": 16.22055435180664,
      "median_error_db": 53.48785400390625,
      "max_error_db": 126.65946960449219,
      "min_error_db": 16.115888595581055,
      "percentile_90_db": 77.0908905029297,
      "percentile_75_db": 66.82630920410156,
      "percentile_50_db": 53.48785400390625,
      "percentile_25_db": 45.82170867919922,
      "bias_db": 55.56006622314453,
      "pred_mean_db": -0.010726909153163433,
      "gt_mean_db": -55.570796966552734,
      "pred_std_db": 0.5372384190559387,
      "gt_std_db": 16.22574806213379,
      "within_3.0_db": 0.0,
      "within_5.0_db": 0.0,
      "within_10.0_db": 0.0,
      "pearson_correlation": 0.02621906821818739
    },
    {
      "scenario": "batch1_scene1",
      "num_pixels": 11449,
      "rmse_db": 64.1537094116211,
      "mae_db": 60.503482818603516,
      "std_error_db": 21.35407829284668,
      "median_error_db": 58.177207946777344,
      "max_error_db": 144.62496948242188,
      "min_error_db": 17.636199951171875,
      "percentile_90_db": 90.21956481933594,
      "percentile_75_db": 73.8890151977539,
      "percentile_50_db": 58.177207946777344,
      "percentile_25_db": 44.08572769165039,
      "bias_db": 60.49546813964844,
      "pred_mean_db": -0.016783898696303368,
      "gt_mean_db": -60.51224899291992,
      "pred_std_db": 0.535991370677948,
      "gt_std_db": 21.37076759338379,
      "within_3.0_db": 0.0,
      "within_5.0_db": 0.0,
      "within_10.0_db": 0.0,
      "pearson_correlation": 0.043668929904441066
    },
    {
      "scenario": "batch2_scene0",
      "num_pixels": 11449,
      "rmse_db": 65.41259765625,
      "mae_db": 62.701656341552734,
      "std_error_db": 18.66343879699707,
      "median_error_db": 60.930442810058594,
      "max_error_db": 154.41502380371094,
      "min_error_db": 19.270584106445312,
      "percentile_90_db": 87.37808532714844,
      "percentile_75_db": 76.67491149902344,
      "percentile_50_db": 60.930442810058594,
      "percentile_25_db": 49.054325103759766,
      "bias_db": 62.69357681274414,
      "pred_mean_db": -0.011872624978423119,
      "gt_mean_db": -62.705448150634766,
      "pred_std_db": 0.5360904932022095,
      "gt_std_db": 18.672704696655273,
      "within_3.0_db": 0.0,
      "within_5.0_db": 0.0,
      "within_10.0_db": 0.0,
      "pearson_correlation": 0.03163338064756086
    }
  ],
  "aggregate": {
    "rmse_db_mean": 56.492872619628905,
    "rmse_db_std": 7.792954160912456,
    "rmse_db_min": 46.49203872680664,
    "rmse_db_max": 65.41259765625,
    "mae_db_mean": 53.63213348388672,
    "mae_db_std": 7.741076385652582,
    "mae_db_min": 42.87633514404297,
    "mae_db_max": 62.701656341552734,
    "median_error_db_mean": 51.832339477539065,
    "median_error_db_std": 7.5303451137510375,
    "median_error_db_min": 40.87708282470703,
    "median_error_db_max": 60.930442810058594,
    "bias_db_mean": 53.62352600097656,
    "bias_db_std": 7.741610777641545,
    "bias_db_min": 42.86737823486328,
    "bias_db_max": 62.69357681274414,
    "pearson_correlation_mean": 0.04376532985043261,
    "pearson_correlation_std": 0.01340677348015497,
    "pearson_correlation_min": 0.02621906821818739,
    "pearson_correlation_max": 0.059088163931105574,
    "num_scenarios": 5
  },
  "config": {
    "num_scenes": 5,
    "num_samples_per_scene": 5,
    "diffusion_steps": 50
  }
}