{
  "per_scene": [
    {
      "scenario": "batch0_scene0",
      "num_pixels": 11449,
      "rmse_db": 9.203722953796387,
      "mae_db": 8.072921752929688,
      "median_error_db": 8.982345581054688,
      "std_error_db": 7.487006664276123,
      "bias_db": 5.352872848510742,
      "percentile_90_db": 12.839208984375,
      "percentile_75_db": 11.362869262695312,
      "percentile_50_db": 8.982345581054688,
      "pred_mean_db": 68.74549865722656,
      "gt_mean_db": 63.39262008666992,
      "within_3_db": 0.1522403703380208,
      "within_5_db": 0.3393309459341427,
      "within_10_db": 0.5969953707747402,
      "pearson_correlation": 0.7198095305623963
    },
    {
      "scenario": "batch1_scene0",
      "num_pixels": 11449,
      "rmse_db": 11.157585144042969,
      "mae_db": 9.596209526062012,
      "median_error_db": 10.332557678222656,
      "std_error_db": 11.056564331054688,
      "bias_db": 1.4980313777923584,
      "percentile_90_db": 17.098805999755868,
      "percentile_75_db": 12.547836303710938,
      "percentile_50_db": 10.332557678222656,
      "pred_mean_db": 68.83821105957031,
      "gt_mean_db": 67.34017944335938,
      "within_3_db": 0.16001397501965237,
      "within_5_db": 0.2712027251288322,
      "within_10_db": 0.46126299240108304,
      "pearson_correlation": 0.5889550826889162
    },
    {
      "scenario": "batch2_scene0",
      "num_pixels": 11449,
      "rmse_db": 13.721813201904297,
      "mae_db": 10.586142539978027,
      "median_error_db": 9.27078628540039,
      "std_error_db": 13.232705116271973,
      "bias_db": -3.6309335231781006,
      "percentile_90_db": 22.356138610839846,
      "percentile_75_db": 13.003616333007812,
      "percentile_50_db": 9.27078628540039,
      "pred_mean_db": 69.07088470458984,
      "gt_mean_db": 72.70182037353516,
      "within_3_db": 0.19844527906367368,
      "within_5_db": 0.27391038518647914,
      "within_10_db": 0.5976941217573587,
      "pearson_correlation": 0.780086167428575
    },
    {
      "scenario": "batch3_scene0",
      "num_pixels": 11449,
      "rmse_db": 12.126313209533691,
      "mae_db": 9.400460243225098,
      "median_error_db": 9.26656723022461,
      "std_error_db": 11.980563163757324,
      "bias_db": 1.8744522333145142,
      "percentile_90_db": 14.009782409667977,
      "percentile_75_db": 11.09271240234375,
      "percentile_50_db": 9.26656723022461,
      "pred_mean_db": 68.955322265625,
      "gt_mean_db": 67.08087158203125,
      "within_3_db": 0.15521006201414972,
      "within_5_db": 0.28054851952135557,
      "within_10_db": 0.5898331732028999,
      "pearson_correlation": 0.6608269907068332
    },
    {
      "scenario": "batch4_scene0",
      "num_pixels": 11449,
      "rmse_db": 11.350754737854004,
      "mae_db": 8.674025535583496,
      "median_error_db": 8.270828247070312,
      "std_error_db": 11.221887588500977,
      "bias_db": 1.7055392265319824,
      "percentile_90_db": 16.291340637207032,
      "percentile_75_db": 11.418228149414062,
      "percentile_50_db": 8.270828247070312,
      "pred_mean_db": 68.74349975585938,
      "gt_mean_db": 67.03795623779297,
      "within_3_db": 0.2712027251288322,
      "within_5_db": 0.4101668267971002,
      "within_10_db": 0.6027600663813434,
      "pearson_correlation": 0.6563011678610662
    },
    {
      "scenario": "batch5_scene0",
      "num_pixels": 11449,
      "rmse_db": 14.093137741088867,
      "mae_db": 10.864408493041992,
      "median_error_db": 10.08987045288086,
      "std_error_db": 14.034398078918457,
      "bias_db": -1.2853929996490479,
      "percentile_90_db": 19.458807373046874,
      "percentile_75_db": 11.977008819580078,
      "percentile_50_db": 10.08987045288086,
      "pred_mean_db": 69.01382446289062,
      "gt_mean_db": 70.2992172241211,
      "within_3_db": 0.1370425364660669,
      "within_5_db": 0.24989082015896585,
      "within_10_db": 0.4898244388156171,
      "pearson_correlation": 0.6674834664038379
    },
    {
      "scenario": "batch6_scene0",
      "num_pixels": 11449,
      "rmse_db": 14.04929256439209,
      "mae_db": 10.643500328063965,
      "median_error_db": 9.36587142944336,
      "std_error_db": 13.84597110748291,
      "bias_db": -2.381535530090332,
      "percentile_90_db": 21.733726501464854,
      "percentile_75_db": 11.791519165039062,
      "percentile_50_db": 9.36587142944336,
      "pred_mean_db": 68.93511199951172,
      "gt_mean_db": 71.316650390625,
      "within_3_db": 0.15206568259236614,
      "within_5_db": 0.2732116342038606,
      "within_10_db": 0.5852039479430517,
      "pearson_correlation": 0.6805567468014504
    },
    {
      "scenario": "batch7_scene0",
      "num_pixels": 11449,
      "rmse_db": 14.25485610961914,
      "mae_db": 9.579815864562988,
      "median_error_db": 7.800434112548828,
      "std_error_db": 14.254752159118652,
      "bias_db": 0.0544075146317482,
      "percentile_90_db": 15.407891845703126,
      "percentile_75_db": 11.17641830444336,
      "percentile_50_db": 7.800434112548828,
      "pred_mean_db": 68.86212158203125,
      "gt_mean_db": 68.80770874023438,
      "within_3_db": 0.20150231461262993,
      "within_5_db": 0.3723469298628701,
      "within_10_db": 0.643462311118875,
      "pearson_correlation": 0.5691668176329406
    },
    {
      "scenario": "batch8_scene0",
      "num_pixels": 11449,
      "rmse_db": 14.406440734863281,
      "mae_db": 10.839125633239746,
      "median_error_db": 9.499053955078125,
      "std_error_db": 14.309374809265137,
      "bias_db": -1.6695406436920166,
      "percentile_90_db": 19.00544586181641,
      "percentile_75_db": 11.747322082519531,
      "percentile_50_db": 9.499053955078125,
      "pred_mean_db": 69.147705078125,
      "gt_mean_db": 70.81725311279297,
      "within_3_db": 0.12490173814306926,
      "within_5_db": 0.23539173726963053,
      "within_10_db": 0.5733251812385362,
      "pearson_correlation": 0.6769668660177863
    },
    {
      "scenario": "batch9_scene0",
      "num_pixels": 11449,
      "rmse_db": 13.764646530151367,
      "mae_db": 9.85435962677002,
      "median_error_db": 8.108039855957031,
      "std_error_db": 13.690082550048828,
      "bias_db": -1.4307844638824463,
      "percentile_90_db": 19.161898803710937,
      "percentile_75_db": 11.586662292480469,
      "percentile_50_db": 8.108039855957031,
      "pred_mean_db": 68.5571517944336,
      "gt_mean_db": 69.9879379272461,
      "within_3_db": 0.19364136605817103,
      "within_5_db": 0.3556642501528518,
      "within_10_db": 0.6017992837802428,
      "pearson_correlation": 0.5988217494330847
    },
    {
      "scenario": "batch10_scene0",
      "num_pixels": 11449,
      "rmse_db": 11.85715103149414,
      "mae_db": 9.074385643005371,
      "median_error_db": 8.146705627441406,
      "std_error_db": 11.67867660522461,
      "bias_db": -2.049525737762451,
      "percentile_90_db": 19.611283874511724,
      "percentile_75_db": 11.024215698242188,
      "percentile_50_db": 8.146705627441406,
      "pred_mean_db": 68.8369369506836,
      "gt_mean_db": 70.88646697998047,
      "within_3_db": 0.23591580050659447,
      "within_5_db": 0.3548781552974059,
      "within_10_db": 0.6779631408856669,
      "pearson_correlation": 0.8055743633165163
    },
    {
      "scenario": "batch11_scene0",
      "num_pixels": 11449,
      "rmse_db": 10.976164817810059,
      "mae_db": 9.010505676269531,
      "median_error_db": 9.330314636230469,
      "std_error_db": 10.97610092163086,
      "bias_db": -0.03747930750250816,
      "percentile_90_db": 16.044010925292977,
      "percentile_75_db": 11.40057373046875,
      "percentile_50_db": 9.330314636230469,
      "pred_mean_db": 68.39956665039062,
      "gt_mean_db": 68.43704986572266,
      "within_3_db": 0.1745130579089877,
      "within_5_db": 0.30159839287274,
      "within_10_db": 0.5693073630884793,
      "pearson_correlation": 0.6266881833364629
    },
    {
      "scenario": "batch12_scene0",
      "num_pixels": 11449,