{
  "per_scene": [
    {
      "scenario": "batch0_scene0",
      "num_pixels": 11449,
      "rmse_db": 46.48527526855469,
      "mae_db": 42.85487747192383,
      "std_error_db": 18.03032875061035,
      "median_error_db": 40.774513244628906,
      "max_error_db": 104.76551818847656,
      "min_error_db": 0.1761481761932373,
      "percentile_90_db": 66.3075653076172,
      "percentile_75_db": 56.963340759277344,
      "percentile_50_db": 40.774513244628906,
      "percentile_25_db": 30.581693649291992,
      "bias_db": 42.84609603881836,
      "pred_mean_db": -0.026947183534502983,
      "gt_mean_db": -42.873046875,
      "pred_std_db": 0.590944230556488,
      "gt_std_db": 18.020313262939453,
      "within_3.0_db": 0.0013101580924098175,
      "within_5.0_db": 0.002096252947855708,
      "within_10.0_db": 0.02236003144379422,
      "pearson_correlation": -0.0005594728167274527
    },
    {
      "scenario": "batch1_scene0",
      "num_pixels": 11449,
      "rmse_db": 48.53868865966797,
      "mae_db": 46.51111602783203,
      "std_error_db": 13.915243148803711,
      "median_error_db": 45.7239990234375,
      "max_error_db": 94.14715576171875,
      "min_error_db": 9.037029266357422,
      "percentile_90_db": 64.718310546875,
      "percentile_75_db": 55.2882194519043,
      "percentile_50_db": 45.7239990234375,
      "percentile_25_db": 38.79880142211914,
      "bias_db": 46.50129318237305,
      "pred_mean_db": -0.011150444857776165,
      "gt_mean_db": -46.512447357177734,
      "pred_std_db": 0.5983853936195374,
      "gt_std_db": 13.894932746887207,
      "within_3.0_db": 0.0,
      "within_5.0_db": 0.0,
      "within_10.0_db": 0.0003493754913092847,
      "pearson_correlation": -0.012434267137864396
    },
    {
      "scenario": "batch2_scene0",
      "num_pixels": 11449,
      "rmse_db": 57.87958908081055,
      "mae_db": 55.56343460083008,
      "std_error_db": 16.238178253173828,
      "median_error_db": 53.4593505859375,
      "max_error_db": 125.7123794555664,
      "min_error_db": 16.380151748657227,
      "percentile_90_db": 76.99845581054691,
      "percentile_75_db": 66.80925750732422,
      "percentile_50_db": 53.4593505859375,
      "percentile_25_db": 45.8353271484375,
      "bias_db": 55.555091857910156,
      "pred_mean_db": -0.01570059172809124,
      "gt_mean_db": -55.570796966552734,
      "pred_std_db": 0.5942444205284119,
      "gt_std_db": 16.22574806213379,
      "within_3.0_db": 0.0,
      "within_5.0_db": 0.0,
      "within_10.0_db": 0.0,
      "pearson_correlation": -0.002616098249776364
    },
    {
      "scenario": "batch3_scene0",
      "num_pixels": 11449,
      "rmse_db": 64.15583801269531,
      "mae_db": 60.49543762207031,
      "std_error_db": 21.383495330810547,
      "median_error_db": 58.26660919189453,
      "max_error_db": 144.827392578125,
      "min_error_db": 17.95580291748047,
      "percentile_90_db": 90.0933822631836,
      "percentile_75_db": 73.88294982910156,
      "percentile_50_db": 58.26660919189453,
      "percentile_25_db": 43.96803283691406,
      "bias_db": 60.487335205078125,
      "pred_mean_db": -0.024919146671891212,
      "gt_mean_db": -60.51224899291992,
      "pred_std_db": 0.5998530387878418,
      "gt_std_db": 21.37076759338379,
      "within_3.0_db": 0.0,
      "within_5.0_db": 0.0,
      "within_10.0_db": 0.0,
      "pearson_correlation": -0.0071881058781762125
    },
    {
      "scenario": "batch4_scene0",
      "num_pixels": 11449,
      "rmse_db": 65.40258026123047,
      "mae_db": 62.683837890625,
      "std_error_db": 18.687307357788086,
      "median_error_db": 60.99576187133789,
      "max_error_db": 154.94276428222656,
      "min_error_db": 19.467065811157227,
      "percentile_90_db": 87.34142761230468,
      "percentile_75_db": 76.69792938232422,
      "percentile_50_db": 60.99576187133789,
      "percentile_25_db": 49.09745788574219,
      "bias_db": 62.67601013183594,
      "pred_mean_db": -0.02944360114634037,
      "gt_mean_db": -62.705448150634766,
      "pred_std_db": 0.5896286964416504,
      "gt_std_db": 18.672704696655273,
      "within_3.0_db": 0.0,
      "within_5.0_db": 0.0,
      "within_10.0_db": 0.0,
      "pearson_correlation": -0.008986246230525996
    }
  ],
  "aggregate": {
    "rmse_db_mean": 56.492394256591794,
    "rmse_db_std": 7.790352462935556,
    "rmse_db_min": 46.48527526855469,
    "rmse_db_max": 65.40258026123047,
    "mae_db_mean": 53.62174072265625,
    "mae_db_std": 7.74113450437177,
    "mae_db_min": 42.85487747192383,
    "mae_db_max": 62.683837890625,
    "median_error_db_mean": 51.84404678344727,
    "median_error_db_std": 7.584219942307704,
    "median_error_db_min": 40.774513244628906,
    "median_error_db_max": 60.99576187133789,
    "bias_db_mean": 53.613165283203124,
    "bias_db_std": 7.741691708905699,
    "bias_db_min": 42.84609603881836,
    "bias_db_max": 62.67601013183594,
    "pearson_correlation_mean": -0.006356838062614084,
    "pearson_correlation_std": 0.004292843248965247,
    "pearson_correlation_min": -0.012434267137864396,
    "pearson_correlation_max": -0.0005594728167274527,
    "num_scenarios": 5
  },
  "config": {
    "num_scenes": 5,
    "num_samples_per_scene": 3,
    "diffusion_steps": 20
  }
}