{
  "per_scene": [
    {
      "scenario": "batch0_scene0",
      "num_pixels": 11449,
      "rmse_db": 11.021588325500488,
      "mae_db": 9.604473114013672,
      "median_error_db": 9.981189727783203,
      "std_error_db": 9.930123329162598,
      "bias_db": 4.782057762145996,
      "percentile_90_db": 16.210433959960938,
      "percentile_75_db": 13.492679595947266,
      "percentile_50_db": 9.981189727783203,
      "pred_mean_db": 68.17469024658203,
      "gt_mean_db": 63.39262008666992,
      "within_3_db": 0.14830989606079134,
      "within_5_db": 0.23879814830989607,
      "within_10_db": 0.5010917984103415,
      "pearson_correlation": 0.24113312024039982
    },
    {
      "scenario": "batch0_scene1",
      "num_pixels": 11449,
      "rmse_db": 12.701900482177734,
      "mae_db": 10.977142333984375,
      "median_error_db": 11.001590728759766,
      "std_error_db": 12.66285514831543,
      "bias_db": 0.99517422914505,
      "percentile_90_db": 18.114845275878906,
      "percentile_75_db": 14.513565063476562,
      "percentile_50_db": 11.001590728759766,
      "pred_mean_db": 68.33535766601562,
      "gt_mean_db": 67.34017944335938,
      "within_3_db": 0.13267534282470084,
      "within_5_db": 0.19617433837016332,
      "within_10_db": 0.42693685037994583,
      "pearson_correlation": 0.2634832586979975
    },
    {
      "scenario": "batch1_scene0",
      "num_pixels": 11449,
      "rmse_db": 16.1370849609375,
      "mae_db": 12.87821102142334,
      "median_error_db": 11.491436004638672,
      "std_error_db": 15.53745174407959,
      "bias_db": -4.358105659484863,
      "percentile_90_db": 26.984851837158203,
      "percentile_75_db": 16.829967498779297,
      "percentile_50_db": 11.491436004638672,
      "pred_mean_db": 68.34371185302734,
      "gt_mean_db": 72.70182037353516,
      "within_3_db": 0.15389990392173988,
      "within_5_db": 0.23146126299240108,
      "within_10_db": 0.42536466066905404,
      "pearson_correlation": 0.4923061989167971
    },
    {
      "scenario": "batch1_scene1",
      "num_pixels": 11449,
      "rmse_db": 14.492908477783203,
      "mae_db": 11.81863021850586,
      "median_error_db": 10.643226623535156,
      "std_error_db": 14.455699920654297,
      "bias_db": 1.0378485918045044,
      "percentile_90_db": 20.5895938873291,
      "percentile_75_db": 14.640010833740234,
      "percentile_50_db": 10.643226623535156,
      "pred_mean_db": 68.11872100830078,
      "gt_mean_db": 67.08087158203125,
      "within_3_db": 0.11284828369289894,
      "within_5_db": 0.18709057559612194,
      "within_10_db": 0.4573325181238536,
      "pearson_correlation": 0.27995567089409906
    },
    {
      "scenario": "batch2_scene0",
      "num_pixels": 11449,
      "rmse_db": 13.355389595031738,
      "mae_db": 10.500040054321289,
      "median_error_db": 9.490959167480469,
      "std_error_db": 13.298127174377441,
      "bias_db": 1.235425353050232,
      "percentile_90_db": 18.88623809814453,
      "percentile_75_db": 13.944747924804688,
      "percentile_50_db": 9.490959167480469,
      "pred_mean_db": 68.27338409423828,
      "gt_mean_db": 67.03795623779297,
      "within_3_db": 0.18097650449820946,
      "within_5_db": 0.27583195038868025,
      "within_10_db": 0.5310507467901127,
      "pearson_correlation": 0.3530611245308027
    },
    {
      "scenario": "batch2_scene1",
      "num_pixels": 11449,
      "rmse_db": 16.103851318359375,
      "mae_db": 12.857250213623047,
      "median_error_db": 11.172229766845703,
      "std_error_db": 15.96498966217041,
      "bias_db": -2.1102519035339355,
      "percentile_90_db": 25.00847053527832,
      "percentile_75_db": 16.003128051757812,
      "percentile_50_db": 11.172229766845703,
      "pred_mean_db": 68.18895721435547,
      "gt_mean_db": 70.2992172241211,
      "within_3_db": 0.11372172242117215,
      "within_5_db": 0.18709057559612194,
      "within_10_db": 0.4321774827495851,
      "pearson_correlation": 0.4006115166297767
    },
    {
      "scenario": "batch3_scene0",
      "num_pixels": 11449,
      "rmse_db": 16.820432662963867,
      "mae_db": 13.52393627166748,
      "median_error_db": 11.938095092773438,
      "std_error_db": 16.52984046936035,
      "bias_db": -3.113088846206665,
      "percentile_90_db": 28.739545822143555,
      "percentile_75_db": 16.30754852294922,
      "percentile_50_db": 11.938095092773438,
      "pred_mean_db": 68.20355987548828,
      "gt_mean_db": 71.316650390625,
      "within_3_db": 0.12463970652458731,
      "within_5_db": 0.1881387020700498,
      "within_10_db": 0.380469910035811,
      "pearson_correlation": 0.2921125568718567
    },
    {
      "scenario": "batch3_scene1",
      "num_pixels": 11449,
      "rmse_db": 15.945393562316895,
      "mae_db": 11.713284492492676,
      "median_error_db": 10.218223571777344,
      "std_error_db": 15.941189765930176,
      "bias_db": -0.36610424518585205,
      "percentile_90_db": 18.501291275024414,
      "percentile_75_db": 14.319046020507812,
      "percentile_50_db": 10.218223571777344,
      "pred_mean_db": 68.44161224365234,
      "gt_mean_db": 68.80770874023438,
      "within_3_db": 0.15337584068477597,
      "within_5_db": 0.23914752380120535,
      "within_10_db": 0.48729146650362476,
      "pearson_correlation": 0.29868899300044033
    },
    {
      "scenario": "batch4_scene0",
      "num_pixels": 11449,
      "rmse_db": 17.126100540161133,
      "mae_db": 13.868361473083496,
      "median_error_db": 12.34353256225586,
      "std_error_db": 16.932640075683594,
      "bias_db": -2.566905975341797,
      "percentile_90_db": 24.721359252929688,
      "percentile_75_db": 16.547683715820312,
      "percentile_50_db": 12.34353256225586,
      "pred_mean_db": 68.2503433227539,
      "gt_mean_db": 70.81725311279297,
      "within_3_db": 0.09057559612193204,
      "within_5_db": 0.14717442571403616,
      "within_10_db": 0.3430867324657175,
      "pearson_correlation": 0.278543041458312
    },
    {
      "scenario": "batch4_scene1",
      "num_pixels": 11449,
      "rmse_db": 15.51986312866211,
      "mae_db": 12.169961929321289,
      "median_error_db": 10.893424987792969,
      "std_error_db": 15.42581844329834,
      "bias_db": -1.7059459686279297,
      "percentile_90_db": 21.721036911010742,
      "percentile_75_db": 15.193115234375,
      "percentile_50_db": 10.893424987792969,
      "pred_mean_db": 68.28199005126953,
      "gt_mean_db": 69.9879379272461,
      "within_3_db": 0.1336361254258014,
      "within_5_db": 0.21565202201065595,
      "within_10_db": 0.4499082889335313,
      "pearson_correlation": 0.33247438841832105
    },
    {
      "scenario": "batch5_scene0",
      "num_pixels": 11449,
      "rmse_db": 15.497275352478027,
      "mae_db": 12.58243465423584,
      "median_error_db": 11.606040954589844,
      "std_error_db": 15.29680347442627,
      "bias_db": -2.4846272468566895,
      "percentile_90_db": 25.851905822753906,
      "percentile_75_db": 16.24736785888672,
      "percentile_50_db": 11.606040954589844,
      "pred_mean_db": 68.40184020996094,
      "gt_mean_db": 70.88646697998047,
      "within_3_db": 0.13931347715957726,
      "within_5_db": 0.2195824962878854,
      "within_10_db": 0.41811511922438643,
      "pearson_correlation": 0.34029296487862654
    },
    {
      "scenario": "batch5_scene1",
      "num_pixels": 11449,
      "rmse_db": 12.734150886535645,
      "mae_db": 10.781635284423828,
      "median_error_db": 10.787330627441406,
      "std_error_db": 12.733390808105469,
      "bias_db": -0.13907191157341003,
      "percentile_90_db": 18.23507308959961,
      "percentile_75_db": 14.774913787841797,
      "percentile_50_db": 10.787330627441406,
      "pred_mean_db": 68.2979736328125,
      "gt_mean_db": 68.43704986572266,
      "within_3_db": 0.14341863918246134,
      "within_5_db": 0.22683203773255306,
      "within_10_db": 0.4548868896846886,
      "pearson_correlation": 0.3421194479443223
    },
    {
      "scenario": "batch6_scene0",